T,rho_i,rho
1,,0.00200
4,,0.00200
7,,0.00200
10,,0.00202
15,,0.00218
20,0.000798,0.00280
25,0.00249,0.00449
30,0.00628,0.00828
35,0.0127,0.0147
40,0.0219,0.0239
45,0.0338,0.0358
50,0.0498,0.0518
55,0.0707,0.0727
60,0.0951,0.0971
70,0.152,0.154
80,0.213,0.215
90,0.279,0.281
100,0.346,0.348
125,0.520,0.522
150,0.697,0.699 
175,0.872,0.874
200,1.044,1.046
225,1.215,1.217
250,1.385,1.387
273.15,1.541,1.543
293,1.676,1.678
300,1.723,1.725
350,2.061,2.063
400,2.400,2.402












