coefficient,rrr50,rrr100,rrr150,rrr300,rrr500
a,1.8743,2.2154,2.3797,1.357,2.8075
b,-0.41538,-0.47461,-0.4918,0.3981,-0.54074
c,-0.6018,-0.88068,-0.98615,2.669,-1.2777
d,0.13294,0.13871,0.13942,-0.1346,0.15362
e,0.26426,0.29505,0.30475,-0.6683,0.36444
f,-0.0219,-0.02043,-0.019713,0.01342,-0.02105
g,-0.051276,-0.04831,-0.046897,0.05773,-0.051727
h,0.0014871,0.001281,0.0011969,0.0002147,0.0012226
i,0.003723,0.003207,0.0029988,0,0.0030964
